frame_index,time_s,found,marker_id,cx,cy,x,y,z,A_deg,B_deg,C_deg,rvec_x,rvec_y,rvec_z
0,0.000000,0,,,,,,,,,,,,
1,0.033333,0,,,,,,,,,,,,
2,0.066667,0,,,,,,,,,,,,
3,0.100000,0,,,,,,,,,,,,
4,0.133333,0,,,,,,,,,,,,
5,0.166667,0,,,,,,,,,,,,
6,0.200000,0,,,,,,,,,,,,
7,0.233333,0,,,,,,,,,,,,
8,0.266667,0,,,,,,,,,,,,
9,0.300000,0,,,,,,,,,,,,
10,0.333333,0,,,,,,,,,,,,
11,0.366667,0,,,,,,,,,,,,
12,0.400000,0,,,,,,,,,,,,
13,0.433333,0,,,,,,,,,,,,
14,0.466667,0,,,,,,,,,,,,
15,0.500000,0,,,,,,,,,,,,
16,0.533333,0,,,,,,,,,,,,
17,0.566667,0,,,,,,,,,,,,
18,0.600000,0,,,,,,,,,,,,
19,0.633333,0,,,,,,,,,,,,
20,0.666667,0,,,,,,,,,,,,
21,0.700000,0,,,,,,,,,,,,
22,0.733333,0,,,,,,,,,,,,
23,0.766667,0,,,,,,,,,,,,
24,0.800000,0,,,,,,,,,,,,
25,0.833333,0,,,,,,,,,,,,
26,0.866667,0,,,,,,,,,,,,
27,0.900000,0,,,,,,,,,,,,
28,0.933333,0,,,,,,,,,,,,
29,0.966667,0,,,,,,,,,,,,
30,1.000000,0,,,,,,,,,,,,
31,1.033333,0,,,,,,,,,,,,
32,1.066667,0,,,,,,,,,,,,
33,1.100000,0,,,,,,,,,,,,
34,1.133333,0,,,,,,,,,,,,
35,1.166667,0,,,,,,,,,,,,
36,1.200000,0,,,,,,,,,,,,
37,1.233333,0,,,,,,,,,,,,
38,1.266667,0,,,,,,,,,,,,
39,1.300000,0,,,,,,,,,,,,
40,1.333333,0,,,,,,,,,,,,
41,1.366667,0,,,,,,,,,,,,
42,1.400000,1,4,177,236,-0.799983820,-0.214120876,1.914363439,-178.998433,-1.430359,-0.130847,-3.123896462,0.003226191,-0.039026417
43,1.433333,1,4,177,236,-0.799983820,-0.214120876,1.914363439,-178.998433,-1.430359,-0.130847,-3.123896462,0.003226191,-0.039026417
44,1.466667,1,4,177,236,-0.799983820,-0.214120876,1.914363439,-178.998433,-1.430359,-0.130847,-3.123896462,0.003226191,-0.039026417
45,1.500000,1,4,177,236,-0.799983820,-0.214120876,1.914363439,-178.998433,-1.430359,-0.130847,-3.123896462,0.003226191,-0.039026417
46,1.533333,1,4,177,236,-0.799983820,-0.214120876,1.914363439,-178.998433,-1.430359,-0.130847,-3.123896462,0.003226191,-0.039026417
47,1.566667,1,4,177,236,-0.799983820,-0.214120876,1.914363439,-178.998433,-1.430359,-0.130847,-3.123896462,0.003226191,-0.039026417
48,1.600000,1,4,177,236,-0.799983820,-0.214120876,1.914363439,-178.998433,-1.430359,-0.130847,-3.123896462,0.003226191,-0.039026417
49,1.633333,1,4,177,236,-0.799983820,-0.214120876,1.914363439,-178.998433,-1.430359,-0.130847,-3.123896462,0.003226191,-0.039026417
50,1.666667,1,4,177,236,-0.799983820,-0.214120876,1.914363439,-178.998433,-1.430359,-0.130847,-3.123896462,0.003226191,-0.039026417
51,1.700000,1,4,177,236,-0.799983820,-0.214120876,1.914363439,-178.998433,-1.430359,-0.130847,-3.123896462,0.003226191,-0.039026417
52,1.733333,1,4,177,236,-0.799983820,-0.214120876,1.914363439,-178.998433,-1.430359,-0.130847,-3.123896462,0.003226191,-0.039026417
53,1.766667,1,4,177,236,-0.799983820,-0.214120876,1.914363439,-178.998433,-1.430359,-0.130847,-3.123896462,0.003226191,-0.039026417
54,1.800000,1,4,177,236,-0.799983820,-0.214120876,1.914363439,-178.998433,-1.430359,-0.130847,-3.123896462,0.003226191,-0.039026417
55,1.833333,1,4,177,236,-0.799983820,-0.214120876,1.914363439,-178.998433,-1.430359,-0.130847,-3.123896462,0.003226191,-0.039026417
56,1.866667,1,4,177,236,-0.799983820,-0.214120876,1.914363439,-178.998433,-1.430359,-0.130847,-3.123896462,0.003226191,-0.039026417
57,1.900000,1,4,177,236,-0.799983820,-0.214120876,1.914363439,-178.998433,-1.430359,-0.130847,-3.123896462,0.003226191,-0.039026417
58,1.933333,1,4,177,236,-0.799983820,-0.214120876,1.914363439,-178.998433,-1.430359,-0.130847,-3.123896462,0.003226191,-0.039026417
59,1.966667,1,4,177,236,-0.802247422,-0.214459895,1.920771554,178.571599,-0.627621,-0.573622,-3.166489924,0.016067126,-0.017145530
60,2.000000,1,4,177,236,-0.802247422,-0.214459895,1.920771554,178.571599,-0.627621,-0.573622,-3.166489924,0.016067126,-0.017145530
61,2.033333,1,4,177,236,-0.802247422,-0.214459895,1.920771554,178.571599,-0.627621,-0.573622,-3.166489924,0.016067126,-0.017145530
62,2.066667,1,4,177,237,-0.805112327,-0.214200172,1.926549193,-179.859862,0.132419,-1.457022,-3.138861758,0.039916961,0.003578388
63,2.100000,0,,,,,,,,,,,,
64,2.133333,0,,,,,,,,,,,,
65,2.166667,1,4,177,236,-0.802247422,-0.214459895,1.920771554,178.571599,-0.627621,-0.573622,-3.166489924,0.016067126,-0.017145530
66,2.200000,1,4,177,235,-0.812463654,-0.219198189,1.947248168,-153.056569,-41.022917,-9.671480,-2.571905025,-0.012815431,-1.006673433
67,2.233333,1,4,176,236,-0.796135950,-0.212143193,1.903897122,178.736455,2.858473,0.357134,-3.162794417,-0.010727310,0.078803265
68,2.266667,1,4,176,236,-0.796135950,-0.212143193,1.903897122,178.736455,2.858473,0.357134,-3.162794417,-0.010727310,0.078803265
69,2.300000,1,4,177,236,-0.797489811,-0.212719705,1.909331855,-179.999488,0.270585,0.015181,-3.141575558,-0.000416159,0.007418206
70,2.333333,1,4,178,236,-0.807994653,-0.216827270,1.938005566,178.397519,-6.621074,-1.866094,3.106189029,-0.053101439,0.178969766
71,2.366667,1,4,178,236,-0.812030534,-0.217869147,1.947750570,-179.379831,-7.754835,-2.114760,3.142151380,-0.056841263,0.213278637
72,2.400000,0,,,,,,,,,,,,
73,2.433333,1,4,177,235,-0.812463654,-0.219198189,1.947248168,-153.056569,-41.022917,-9.671480,-2.571905025,-0.012815431,-1.006673433
74,2.466667,0,,,,,,,,,,,,
75,2.500000,0,,,,,,,,,,,,
76,2.533333,0,,,,,,,,,,,,
77,2.566667,1,4,176,236,-0.837550527,-0.224443754,2.005135435,-157.894245,-42.130354,-9.332621,-2.639193100,0.016747444,-1.052155486
78,2.600000,1,4,176,236,-0.837550527,-0.224443754,2.005135435,-157.894245,-42.130354,-9.332621,-2.639193100,0.016747444,-1.052155486
79,2.633333,1,4,176,236,-0.837550527,-0.224443754,2.005135435,-157.894245,-42.130354,-9.332621,-2.639193100,0.016747444,-1.052155486
80,2.666667,1,4,176,236,-0.837550527,-0.224443754,2.005135435,-157.894245,-42.130354,-9.332621,-2.639193100,0.016747444,-1.052155486
81,2.700000,1,4,176,236,-0.837550527,-0.224443754,2.005135435,-157.894245,-42.130354,-9.332621,-2.639193100,0.016747444,-1.052155486
82,2.733333,1,4,176,236,-0.837550527,-0.224443754,2.005135435,-157.894245,-42.130354,-9.332621,-2.639193100,0.016747444,-1.052155486
83,2.766667,1,4,176,236,-0.837550527,-0.224443754,2.005135435,-157.894245,-42.130354,-9.332621,-2.639193100,0.016747444,-1.052155486
84,2.800000,1,4,176,236,-0.837550527,-0.224443754,2.005135435,-157.894245,-42.130354,-9.332621,-2.639193100,0.016747444,-1.052155486
85,2.833333,1,4,176,236,-0.837550527,-0.224443754,2.005135435,-157.894245,-42.130354,-9.332621,-2.639193100,0.016747444,-1.052155486
86,2.866667,1,4,176,236,-0.837550527,-0.224443754,2.005135435,-157.894245,-42.130354,-9.332621,-2.639193100,0.016747444,-1.052155486
87,2.900000,1,4,176,236,-0.837550527,-0.224443754,2.005135435,-157.894245,-42.130354,-9.332621,-2.639193100,0.016747444,-1.052155486
88,2.933333,1,4,176,236,-0.837550527,-0.224443754,2.005135435,-157.894245,-42.130354,-9.332621,-2.639193100,0.016747444,-1.052155486
89,2.966667,1,4,176,236,-0.837550527,-0.224443754,2.005135435,-157.894245,-42.130354,-9.332621,-2.639193100,0.016747444,-1.052155486
90,3.000000,1,4,176,236,-0.837550527,-0.224443754,2.005135435,-157.894245,-42.130354,-9.332621,-2.639193100,0.016747444,-1.052155486
91,3.033333,1,4,177,236,-0.799983820,-0.214120876,1.914363439,-178.998433,-1.430359,-0.130847,-3.123896462,0.003226191,-0.039026417
92,3.066667,1,4,176,236,-0.810889802,-0.216090241,1.939441885,179.326412,-1.982720,-1.242331,-3.153064325,0.034505680,-0.054360435
93,3.100000,1,4,177,236,-0.799983820,-0.214120876,1.914363439,-178.998433,-1.430359,-0.130847,-3.123896462,0.003226191,-0.039026417
94,3.133333,1,4,180,241,-0.796721240,-0.205835374,1.917890933,-177.710538,-0.484924,-0.055984,3.181517927,-0.001285321,0.013494559
95,3.166667,1,4,180,241,-0.796721240,-0.205835374,1.917890933,-177.710538,-0.484924,-0.055984,3.181517927,-0.001285321,0.013494559
96,3.200000,1,4,178,246,-0.837691916,-0.206955762,2.012244867,179.328994,-2.427024,-1.290910,3.128507260,-0.035633222,0.066064712
97,3.233333,1,4,178,247,-0.842214829,-0.206746841,2.023159720,177.619827,-3.418314,-1.908292,3.097272981,-0.053504101,0.091349712
98,3.266667,1,4,179,248,-0.798990631,-0.193717725,1.921275505,178.572510,-0.666116,-0.570277,-3.166471455,0.015987731,-0.018210474
99,3.300000,1,4,179,248,-0.798990631,-0.193717725,1.921275505,178.572510,-0.666116,-0.570277,-3.166471455,0.015987731,-0.018210474
100,3.333333,1,4,179,248,-0.798990631,-0.193717725,1.921275505,178.572510,-0.666116,-0.570277,-3.166471455,0.015987731,-0.018210474
101,3.366667,1,4,178,248,-0.829104289,-0.200801682,1.991540259,178.514410,-0.979764,-1.633340,3.114993687,-0.044748198,0.026058378
102,3.400000,1,4,178,249,-0.842301893,-0.203117497,2.023369756,177.629532,-3.435318,-1.904113,3.097427708,-0.053395463,0.091821007
103,3.433333,1,4,178,249,-0.842301893,-0.203117497,2.023369756,177.629532,-3.435318,-1.904113,3.097427708,-0.053395463,0.091821007
104,3.466667,1,4,179,249,-0.794827636,-0.191379322,1.911228695,-179.999999,-0.000006,0.000000,3.141592680,0.000000000,0.000000170
105,3.500000,1,4,178,249,-0.802221536,-0.193312533,1.926012216,179.204179,-2.490781,-0.771226,3.126604423,-0.021515109,0.067825028
106,3.533333,1,4,178,249,-0.802221536,-0.193312533,1.926012216,179.204179,-2.490781,-0.771226,3.126604423,-0.021515109,0.067825028
107,3.566667,1,4,172,267,-0.809809126,-0.160701354,1.916101126,-177.710119,-0.347280,-0.032948,-3.101614235,0.000703920,-0.009417566
108,3.600000,1,4,172,267,-0.809809126,-0.160701354,1.916101126,-177.710119,-0.347280,-0.032948,-3.101614235,0.000703920,-0.009417566
109,3.633333,1,4,170,270,-0.824522517,-0.157741971,1.942726995,179.497065,-2.359740,-1.196813,3.131552132,-0.032990732,0.064352471
110,3.666667,1,4,167,281,-0.815517192,-0.136206888,1.911228459,179.999998,0.000010,0.000000,3.141592625,0.000000000,-0.000000268
111,3.700000,1,4,166,293,-0.819415151,-0.115651137,1.914306523,-177.715538,-0.215685,-0.016746,3.181457748,-0.000345542,0.005997425
112,3.733333,1,4,166,303,-0.819122893,-0.098346635,1.913621183,-177.710451,-0.167302,-0.012305,3.181549051,-0.000248809,0.004651847
113,3.766667,1,4,168,316,-0.828522511,-0.077165250,1.943892252,179.745346,-2.434346,-1.102426,-3.145589231,0.030411563,-0.066766699
114,3.800000,1,4,172,326,-0.821571069,-0.059632676,1.944043124,179.797673,-2.468078,-1.081586,-3.144659910,0.029801749,-0.067687927
115,3.833333,1,4,178,338,-0.811105263,-0.038589079,1.944181396,179.863491,-2.513254,-1.055848,3.137918636,-0.028995640,0.068798302
116,3.866667,1,4,178,338,-0.811105263,-0.038589079,1.944181396,179.863491,-2.513254,-1.055848,3.137918636,-0.028995640,0.068798302
117,3.900000,1,4,202,362,-0.748955435,0.003899086,1.894284338,-177.660005,2.308590,-0.472111,-3.099938900,0.014047322,0.062199854
118,3.933333,1,4,202,362,-0.748955435,0.003899086,1.894284338,-177.660005,2.308590,-0.472111,-3.099938900,0.014047322,0.062199854
119,3.966667,1,4,233,372,-0.713776006,0.021059869,1.944235584,-179.381193,-2.920955,-0.892676,-3.130081234,0.023953066,-0.079935078
120,4.000000,1,4,246,368,-0.677675882,0.013780640,1.908869028,-179.743736,2.909266,1.029428,-3.136440118,-0.027998709,0.079708453
121,4.033333,1,4,252,366,-0.673366748,0.009963577,1.928532818,178.170343,-36.911625,-0.405546,2.949096273,-0.026153782,0.984077328
122,4.066667,1,4,258,358,-0.663057631,-0.003938522,1.928876392,179.087059,-36.289278,-0.707226,2.967266050,-0.026061048,0.972281204
123,4.100000,1,4,265,351,-0.646551745,-0.015517242,1.911228636,-180.000000,-0.000003,0.000000,3.141592655,0.000000000,0.000000080
124,4.133333,1,4,274,345,-0.656435888,-0.027431196,1.986570851,175.389102,3.817162,0.657619,-3.220560624,-0.022803192,0.106576588
125,4.166667,1,4,279,345,-0.595819245,-0.024959362,1.830606679,-170.242574,3.249187,3.312387,3.307382226,0.087617018,-0.101959769
126,4.200000,1,4,280,345,-0.590654598,-0.024430097,1.820921565,-170.843648,5.111795,2.870511,3.294617252,0.070764557,-0.153662759
127,4.233333,1,4,284,344,-0.586477447,-0.026964007,1.824627560,-171.625637,3.850588,1.886999,3.284231682,0.046002547,-0.114355777
128,4.266667,1,4,289,341,-0.596410210,-0.032599557,1.885058347,-174.090130,-1.941641,-0.646951,3.244012773,-0.015477270,0.055916998
129,4.300000,1,4,292,336,-0.604212265,-0.042192760,1.929680045,-178.564652,-32.812536,-1.398784,3.029897731,-0.025810782,0.892530723
130,4.333333,1,4,296,329,-0.593976094,-0.053377769,1.911266571,-176.863612,-0.000633,-0.006850,3.196332936,-0.000190591,0.000022899
131,4.366667,1,4,297,319,-0.595017633,-0.071590650,1.923061275,178.716870,-1.035202,-1.449167,-3.163831114,0.040333220,-0.028134288
132,4.400000,1,4,296,310,-0.619452510,-0.090085589,2.001207490,-168.870559,-31.929647,-4.040199,3.178469818,-0.023495493,0.919319141
133,4.433333,1,4,297,311,-0.594886652,-0.085450811,1.922634409,178.688245,-0.987342,-1.456270,-3.164330340,0.040527779,-0.026804783
134,4.466667,1,4,297,311,-0.594886652,-0.085450811,1.922634409,178.688245,-0.987342,-1.456270,-3.164330340,0.040527779,-0.026804783
135,4.500000,1,4,277,296,-0.598894914,-0.105143487,1.829488961,-176.634636,9.554603,3.012239,-3.075667924,-0.073312071,0.259402925
136,4.533333,1,4,276,292,-0.623530277,-0.116036454,1.900037597,-174.567935,-38.456838,-3.446740,-2.899179761,0.039238480,-1.014846751
137,4.566667,1,4,265,284,-0.657289812,-0.133228512,1.943174147,179.873196,-3.021057,-1.127442,-3.143078944,0.031016800,-0.082848180
138,4.600000,1,4,256,274,-0.655185138,-0.146788063,1.895619131,172.701907,-27.131578,-2.826108,2.921141200,-0.117052872,0.700522952
139,4.633333,1,4,255,274,-0.674717333,-0.150736469,1.942872126,179.790463,-2.897502,-1.149026,-3.144591860,0.031677782,-0.079471835
140,4.666667,1,4,255,274,-0.674717333,-0.150736469,1.942872126,179.790463,-2.897502,-1.149026,-3.144591860,0.031677782,-0.079471835
141,4.700000,1,4,250,247,-0.703528156,-0.203787598,2.002368860,174.449012,-2.265710,-2.799300,3.042285507,-0.077251603,0.056557737
142,4.733333,1,4,250,247,-0.709472783,-0.206376511,2.019387408,176.923427,-3.817227,-1.940514,3.084649905,-0.055002296,0.101391242
143,4.766667,1,4,250,247,-0.709472783,-0.206376511,2.019387408,176.923427,-3.817227,-1.940514,3.084649905,-0.055002296,0.101391242
144,4.800000,1,4,250,247,-0.709472783,-0.206376511,2.019387408,176.923427,-3.817227,-1.940514,3.084649905,-0.055002296,0.101391242
145,4.833333,1,4,250,247,-0.709472783,-0.206376511,2.019387408,176.923427,-3.817227,-1.940514,3.084649905,-0.055002296,0.101391242
146,4.866667,1,4,250,247,-0.709472783,-0.206376511,2.019387408,176.923427,-3.817227,-1.940514,3.084649905,-0.055002296,0.101391242
147,4.900000,1,4,250,247,-0.709472783,-0.206376511,2.019387408,176.923427,-3.817227,-1.940514,3.084649905,-0.055002296,0.101391242
148,4.933333,1,4,250,247,-0.709472783,-0.206376511,2.019387408,176.923427,-3.817227,-1.940514,3.084649905,-0.055002296,0.101391242
149,4.966667,1,4,250,247,-0.709472783,-0.206376511,2.019387408,176.923427,-3.817227,-1.940514,3.084649905,-0.055002296,0.101391242
150,5.000000,1,4,250,247,-0.709472783,-0.206376511,2.019387408,176.923427,-3.817227,-1.940514,3.084649905,-0.055002296,0.101391242
151,5.033333,1,4,249,247,-0.702007826,-0.202959835,1.993839676,-161.976110,-43.768908,-4.311470,-2.665225308,-0.069299263,-1.083886019
152,5.066667,1,4,250,247,-0.669620951,-0.194278643,1.905537692,178.639520,3.092450,0.375730,-3.164335900,-0.011389613,0.085292689
153,5.100000,1,4,251,247,-0.670689666,-0.194827589,1.911228605,-180.000000,-0.000000,-0.000000,3.141592654,-0.000000000,0.000000003
154,5.133333,1,4,262,239,-0.664131326,-0.212551626,1.947126868,-153.092014,-32.700265,-8.268285,-2.610992921,0.005447499,-0.807042285
155,5.166667,1,4,264,240,-0.617202582,-0.195633945,1.816863135,-170.247631,5.151496,3.316470,3.304201190,0.082965720,-0.156784557
156,5.200000,1,4,267,240,-0.610763629,-0.197035164,1.814626574,-170.206927,7.323414,4.563767,-2.967762278,-0.101964732,0.200012254
157,5.233333,1,4,270,239,-0.671735838,-0.219425301,2.009980280,178.880730,-2.889513,-1.356253,3.120257623,-0.037700450,0.078335818
158,5.266667,1,4,270,238,-0.674030446,-0.220921897,2.018686395,-159.435489,-32.173845,-6.415726,3.311216800,-0.012313531,0.985691262
159,5.300000,1,4,270,239,-0.641415315,-0.209418832,1.919126509,-177.197023,-0.720093,-0.084729,3.190439656,-0.001868501,0.020106689
160,5.333333,1,4,270,239,-0.669912224,-0.219422081,2.009949497,178.874373,-2.895521,-1.356904,3.120140918,-0.037722744,0.078494358
161,5.366667,1,4,272,242,-0.633526543,-0.202556106,1.910944596,-180.000000,-0.000000,-0.987760,3.141475942,-0.027079677,0.000000000
162,5.400000,1,4,272,245,-0.636078689,-0.198985392,1.918693314,-177.156570,-0.685385,-0.077348,3.191153057,-0.001680276,0.019140325
163,5.433333,1,4,273,247,-0.632758632,-0.194827590,1.911228608,-180.000000,-0.000000,-0.000000,3.141592656,-0.000000000,0.000000011
164,5.466667,1,4,272,248,-0.661757012,-0.202021075,1.998240038,-159.632606,-33.935928,-7.031977,-2.706829591,0.017893330,-0.852909802
165,5.500000,1,4,277,250,-0.631277679,-0.190743755,1.929974270,-159.800377,-33.169620,-6.740458,-2.712633031,0.015792313,-0.833737856
166,5.533333,1,4,277,251,-0.628671367,-0.189243773,1.919851658,178.611449,-0.662073,-1.492760,-3.165654011,0.041462319,-0.017790583
167,5.566667,1,4,284,253,-0.635875026,-0.191485017,1.978308876,176.333205,4.500642,1.025340,-3.203637662,-0.032696262,0.124973053
168,5.600000,1,4,288,252,-0.639124838,-0.195758786,2.017611994,-158.284463,-30.308231,-6.298659,-2.700810549,0.008279019,-0.757808762
169,5.633333,1,4,290,253,-0.635328922,-0.194875185,2.017122441,-163.546373,-30.376264,-5.035568,3.271868467,-0.015425045,0.907453914
170,5.666667,1,4,290,252,-0.635370166,-0.195721366,2.017238822,-158.264187,-30.139608,-6.271176,-2.701190749,0.008315055,-0.753585502
171,5.700000,1,4,292,253,-0.606811552,-0.186753498,1.932387276,-168.802699,-32.263738,-4.065047,3.176392953,-0.022643866,0.928848700
172,5.733333,1,4,294,253,-0.601586301,-0.186752943,1.932382865,-168.835928,-31.964169,-4.022357,3.178808829,-0.022624604,0.920438240
173,5.766667,1,4,295,254,-0.564560052,-0.172510993,1.814801167,-170.955553,6.754836,3.439803,3.288322284,0.083377900,-0.201842898
174,5.800000,1,4,299,252,-0.597655986,-0.190025237,1.944954494,-160.443601,-29.462186,-5.544711,-2.737991743,0.008503281,-0.741110477
175,5.833333,1,4,298,252,-0.596025762,-0.189133210,1.931777970,177.676442,1.449617,1.182702,-3.181977827,-0.033658883,0.039589170
176,5.866667,1,4,302,251,-0.579100961,-0.186868042,1.903211631,-164.347976,-38.273581,-4.529052,-2.744704430,-0.022326148,-0.965510235
177,5.900000,1,4,307,250,-0.577660380,-0.189867911,1.925228469,-163.070004,-31.515026,-4.626357,-2.767166202,-0.004419839,-0.796098427
178,5.933333,1,4,310,252,-0.570143651,-0.186399535,1.920405680,-165.054704,-31.440780,-5.123539,3.237516193,-0.025280190,0.928733476
179,5.966667,1,4,316,254,-0.583393416,-0.191574102,1.993017802,175.637500,-1.525571,-2.202316,3.064123079,-0.060450553,0.038552559
180,6.000000,1,4,316,255,-0.558620705,-0.181034488,1.911228627,-179.999999,-0.000002,-0.000000,3.141592666,-0.000000000,0.000000062
181,6.033333,1,4,316,254,-0.581607579,-0.189780530,1.993059905,175.622007,-1.535051,-2.201857,3.063846674,-0.060448030,0.038795090
182,6.066667,1,4,318,255,-0.584922681,-0.189810472,2.012572065,-158.263881,-27.851707,-5.828785,3.374997928,-0.011126069,0.867728882
183,6.100000,1,4,319,257,-0.525888777,-0.168017616,1.815585887,-168.103819,5.936496,4.748266,3.337050017,0.120299681,-0.187406014
184,6.133333,1,4,322,258,-0.518926228,-0.166965770,1.808239078,-169.539735,8.648510,4.578848,-2.954843033,-0.097652896,0.234182482
185,6.166667,1,4,326,256,-0.550032242,-0.181943347,1.938950926,178.624626,-3.282842,-1.312887,3.115459407,-0.036767436,0.088848621
186,6.200000,1,4,326,255,-0.565215550,-0.188540907,1.994382479,-157.844785,-28.939891,-6.539829,3.367495181,-0.022190273,0.904067706
187,6.233333,1,4,329,256,-0.541525378,-0.181387337,1.928658825,179.704888,-0.295434,-0.553010,3.136370218,-0.015156833,0.008047076
188,6.266667,1,4,328,255,-0.563510926,-0.189736847,2.007397057,-155.749357,-27.147322,-6.329427,-2.672848866,0.009113067,-0.675143897
189,6.300000,1,4,329,257,-0.519769411,-0.172294243,1.852380714,-169.521660,3.144390,3.591335,3.319691445,0.095711746,-0.100650439
190,6.333333,1,4,332,254,-0.557461288,-0.192924065,2.011652312,-160.489311,-26.462013,-5.065829,3.355363399,-0.012771582,0.812974705
191,6.366667,1,4,332,254,-0.536569322,-0.185578031,1.931019329,177.545375,1.692650,1.203329,-3.184213907,-0.034446587,0.046321719
192,6.400000,1,4,333,254,-0.536608692,-0.185211159,1.939713001,-165.767884,-26.504697,-3.893956,-2.835322807,0.013008665,-0.679106598
193,6.433333,1,4,341,252,-0.493703740,-0.177806777,1.831367116,-171.047729,6.221559,2.946076,3.288793154,0.070571820,-0.185335431
194,6.466667,1,4,342,249,-0.511242268,-0.190599731,1.906139061,-164.744181,-37.260412,-4.517575,-2.757997142,-0.015707519,-0.942677827
195,6.500000,1,4,346,250,-0.487961651,-0.182255651,1.839489552,-167.919334,4.364218,2.279605,3.347604636,0.053102078,-0.134592097
196,6.533333,1,4,350,248,-0.484158614,-0.186411582,1.847175539,-170.553554,3.711540,2.210692,3.302734171,0.054879622,-0.112269923
197,6.566667,1,4,352,244,-0.515122246,-0.208156505,1.988399230,-158.979455,-27.165277,-5.993010,-2.725640841,0.020457049,-0.683394520
198,6.600000,1,4,353,244,-0.497378110,-0.201146544,1.921186196,175.357194,-1.208655,-1.113101,3.060048722,-0.031033722,0.031072188
199,6.633333,1,4,354,243,-0.493103450,-0.201724139,1.911228581,179.999999,0.000002,-0.000000,3.141592638,-0.000000000,-0.000000059
200,6.666667,1,4,354,243,-0.496473215,-0.203710742,1.928369592,-166.666616,-28.313393,-3.850972,-2.840952361,0.011740206,-0.727030137
201,6.700000,1,4,355,245,-0.455907251,-0.184089474,1.774290842,-163.787542,6.356509,3.783845,3.413043211,0.085724605,-0.205523543
202,6.733333,1,4,355,243,-0.491379311,-0.201724138,1.911228578,179.999999,0.000003,-0.000000,3.141592636,-0.000000000,-0.000000069
203,6.766667,1,4,366,243,-0.472413805,-0.201724143,1.911228623,-179.999999,-0.000002,-0.000000,3.141592669,-0.000000000,0.000000056
204,6.800000,1,4,366,242,-0.490367057,-0.210787535,1.987580586,175.038181,-1.123046,-2.167992,3.053946830,-0.059082723,0.027427486
205,6.833333,1,4,368,244,-0.488578358,-0.208996861,1.987598685,175.018001,-1.129430,-2.167630,3.053591288,-0.059078882,0.027584640
206,6.866667,1,4,368,244,-0.485885930,-0.207097864,1.986119681,-164.246990,-26.042321,-4.610280,3.299942313,-0.027225959,0.780507322
207,6.900000,1,4,368,244,-0.485885930,-0.207097864,1.986119681,-164.246990,-26.042321,-4.610280,3.299942313,-0.027225959,0.780507322
208,6.933333,1,4,368,245,-0.468965513,-0.198275860,1.911228558,179.999998,0.000005,-0.000000,3.141592620,-0.000000000,-0.000000126
209,6.966667,1,4,368,246,-0.491164312,-0.206313188,2.005703088,177.952672,-3.583152,-1.409029,3.103358524,-0.039895855,0.096389046
210,7.000000,1,4,369,247,-0.468720360,-0.195920440,1.917317892,178.261566,-0.459597,-1.468178,-3.171748164,0.040832543,-0.012104547
211,7.033333,1,4,369,247,-0.467241387,-0.194827589,1.911228605,-180.000000,-0.000000,-0.000000,3.141592655,-0.000000000,0.000000006
212,7.066667,1,4,368,248,-0.491210392,-0.202713466,2.005893878,177.965650,-3.612401,-1.405677,3.103556857,-0.039810704,0.097194092
213,7.100000,1,4,369,248,-0.468726328,-0.192737787,1.919613349,-161.590980,-25.205198,-4.929163,-2.774511291,0.018871775,-0.638664349
214,7.133333,1,4,371,250,-0.462378433,-0.188923764,1.906569527,-165.313836,-35.085380,-4.076688,-2.779727235,-0.014285030,-0.890180736
215,7.166667,1,4,376,251,-0.430402925,-0.177100931,1.805166376,-162.664024,3.928826,4.051681,3.437104926,0.103587099,-0.136398337
216,7.200000,1,4,378,250,-0.455266963,-0.191945786,1.932103301,-169.345055,-23.208648,-2.951545,3.244057216,-0.021444981,0.673625654
217,7.233333,1,4,386,248,-0.440800744,-0.194989998,1.928078687,-167.387305,-25.285469,-3.313339,-2.866390096,0.011838939,-0.651653864
218,7.266667,1,4,394,247,-0.402634495,-0.184527284,1.817328096,-166.221632,7.145250,2.986773,3.370456355,0.062431850,-0.221007498
219,7.300000,1,4,399,244,-0.414964859,-0.200646309,1.913236708,-156.477528,-25.368284,-6.202680,-2.691646902,0.019655832,-0.634559019
220,7.333333,1,4,402,243,-0.407738848,-0.200866950,1.905904351,-165.092963,-28.171508,-3.279542,-2.813638210,-0.011805461,-0.715858359
221,7.366667,1,4,408,243,-0.400000010,-0.201724143,1.911228623,-179.999999,-0.000002,-0.000000,3.141592673,-0.000000000,0.000000061
222,7.400000,1,4,413,246,-0.361866042,-0.182200058,1.768233351,-160.680292,7.920661,4.437538,3.461191849,0.093271937,-0.262327977
223,7.433333,1,4,418,244,-0.395891388,-0.206822066,1.983605374,-164.258960,-21.443678,-3.975812,3.336140447,-0.028447081,0.647106731
224,7.466667,1,4,418,244,-0.395205614,-0.207268950,1.980210137,-158.611321,-21.792416,-5.189256,3.422221289,-0.030619631,0.686936311
225,7.500000,1,4,422,246,-0.380584832,-0.198673942,1.931230145,177.150591,-3.637620,-1.377327,3.089345379,-0.039574270,0.097179187
226,7.533333,1,4,425,248,-0.373966333,-0.194685610,1.930153859,-164.033873,-17.197754,-2.847530,-2.839831142,0.010354529,-0.439094176
227,7.566667,1,4,428,250,-0.364942764,-0.189310394,1.915165441,-164.989562,-20.503458,-3.676500,3.331218358,-0.027518198,0.616100453
228,7.600000,1,4,432,253,-0.336513964,-0.171800649,1.788187589,-162.305259,7.769733,4.901622,3.432335136,0.110576352,-0.255833385
229,7.633333,1,4,436,254,-0.331958255,-0.172882085,1.802409638,-167.157240,11.583221,4.939294,-2.909670020,-0.092234325,0.309094771
230,7.666667,1,4,438,251,-0.360259877,-0.194636279,1.984195538,-154.272958,-18.982354,-5.248735,3.513887013,-0.026860957,0.623156554
231,7.700000,1,4,439,252,-0.349330574,-0.187564561,1.928554057,-164.165374,-15.772658,-2.620749,-2.845780348,0.010270671,-0.403067744
232,7.733333,1,4,440,252,-0.347171652,-0.188366676,1.931101268,-170.085521,-16.290030,-2.120165,3.273462407,-0.019930964,0.473651931
233,7.766667,1,4,451,245,-0.325859276,-0.198610552,1.913571359,-163.497430,-17.532440,-3.419812,-2.830789904,0.021189109,-0.448475920
234,7.800000,1,4,457,240,-0.305286247,-0.200687740,1.848085255,-170.886997,8.559854,2.860389,-2.977452273,-0.056571023,0.228716951
235,7.833333,1,4,458,240,-0.306419863,-0.202257961,1.863668736,-165.720574,1.272686,0.178216,3.390548781,0.000556014,-0.038318356
236,7.866667,1,4,460,235,-0.309433096,-0.215768711,1.908804968,175.842802,-3.840964,-0.909173,3.066724689,-0.028064465,0.101949126
237,7.900000,1,4,468,234,-0.299693462,-0.219279922,1.925375485,-179.797529,3.495858,0.968998,-3.137004034,-0.026358316,0.095777464
238,7.933333,1,4,475,234,-0.285834622,-0.218119498,1.922321935,-161.925227,-12.881692,-2.509185,-2.814124047,0.011096646,-0.327359912
239,7.966667,1,4,482,236,-0.271258693,-0.213070385,1.911707635,-163.545703,-15.759008,-3.322886,3.383657154,-0.030420186,0.482198181
240,8.000000,1,4,486,238,-0.274475654,-0.218851693,1.984445554,-157.243831,-14.255078,-3.750876,3.497105800,-0.026488319,0.459959327
241,8.033333,1,4,489,239,-0.260344832,-0.208620693,1.911228604,-180.000000,-0.000000,0.000000,3.141592655,0.000000000,0.000000002
242,8.066667,1,4,490,244,-0.259740929,-0.202089573,1.926971663,179.701919,-6.185530,-1.077645,3.130678419,-0.029882519,0.169078635
243,8.100000,1,4,492,249,-0.253870016,-0.191333983,1.905353657,174.997437,-3.877765,-0.852729,3.051994053,-0.027225317,0.102327561
244,8.133333,1,4,494,254,-0.249383369,-0.181376878,1.902817871,-173.137667,-16.530785,-2.107892,3.220356768,-0.031191016,0.471289496
245,8.166667,1,4,498,264,-0.243555650,-0.164142127,1.901283500,-175.886606,-19.116728,-2.285721,-3.034079412,0.042175218,-0.513020271
246,8.200000,1,4,499,268,-0.244027848,-0.159041933,1.920359659,-164.342927,-10.137735,-1.856707,-2.860480055,0.011464981,-0.260046010
247,8.233333,1,4,501,270,-0.240538720,-0.155560537,1.920127577,-164.460325,-9.929875,-1.819804,-2.862835905,0.011531378,-0.254856403
248,8.266667,1,4,504,275,-0.233175163,-0.146625447,1.904887983,174.235957,-4.397815,-0.795102,3.038217396,-0.026954572,0.115598781
249,8.300000,1,4,510,286,-0.223242687,-0.126705309,1.910944595,180.000000,0.000000,-0.987760,3.141475942,-0.027079677,-0.000000000
250,8.333333,1,4,514,292,-0.217471778,-0.118409157,1.922654176,178.572484,-8.881670,-0.993338,3.105940515,-0.029929885,0.240882526
251,8.366667,1,4,519,298,-0.209186629,-0.106980496,1.918107883,-166.150051,-7.861416,-1.437866,-2.895020146,0.012166489,-0.203312477
252,8.400000,1,4,519,298,-0.209186629,-0.106980496,1.918107883,-166.150051,-7.861416,-1.437866,-2.895020146,0.012166489,-0.203312477
253,8.433333,1,4,519,298,-0.209186629,-0.106980496,1.918107883,-166.150051,-7.861416,-1.437866,-2.895020146,0.012166489,-0.203312477
254,8.466667,1,4,546,321,-0.162230334,-0.066751840,1.902349899,-172.213701,2.588818,0.060131,3.276590088,-0.003319037,-0.074153280
255,8.500000,1,4,552,332,-0.157451356,-0.049628095,1.975168633,-167.155479,-10.762298,-2.402377,3.345070398,-0.034663751,0.322914985
256,8.533333,1,4,552,332,-0.156010848,-0.049356971,1.979135153,-171.001424,-9.499272,-1.809421,3.283679895,-0.030382134,0.276883525
257,8.566667,1,4,552,332,-0.156010848,-0.049356971,1.979135153,-171.001424,-9.499272,-1.809421,3.283679895,-0.030382134,0.276883525
258,8.600000,1,4,552,332,-0.156010848,-0.049356971,1.979135153,-171.001424,-9.499272,-1.809421,3.283679895,-0.030382134,0.276883525
259,8.633333,1,4,552,332,-0.156010848,-0.049356971,1.979135153,-171.001424,-9.499272,-1.809421,3.283679895,-0.030382134,0.276883525
260,8.666667,1,4,552,332,-0.156010848,-0.049356971,1.979135153,-171.001424,-9.499272,-1.809421,3.283679895,-0.030382134,0.276883525
261,8.700000,1,4,552,332,-0.156010848,-0.049356971,1.979135153,-171.001424,-9.499272,-1.809421,3.283679895,-0.030382134,0.276883525
262,8.733333,1,4,552,332,-0.156010848,-0.049356971,1.979135153,-171.001424,-9.499272,-1.809421,3.283679895,-0.030382134,0.276883525
263,8.766667,1,4,552,332,-0.156010848,-0.049356971,1.979135153,-171.001424,-9.499272,-1.809421,3.283679895,-0.030382134,0.276883525
264,8.800000,1,4,552,332,-0.150839653,-0.047406748,1.910944596,-180.000000,-0.000000,-0.987760,3.141475942,-0.027079677,0.000000000
265,8.833333,1,4,552,332,-0.150839653,-0.047406748,1.910944596,-180.000000,-0.000000,-0.987760,3.141475942,-0.027079677,0.000000000
266,8.866667,1,4,564,346,-0.132195446,-0.024403114,1.916690217,171.279691,-3.570361,-1.049171,2.987319528,-0.034451693,0.091023375
267,8.900000,1,4,570,350,-0.119809782,-0.016376877,1.910944596,-180.000000,-0.000000,-0.987760,3.141475942,-0.027079677,0.000000000
268,8.933333,1,4,574,354,-0.112914255,-0.009481350,1.910944596,-180.000000,-0.000000,-0.987760,3.141475942,-0.027079677,0.000000000
269,8.966667,1,4,580,362,-0.102360561,0.002848852,1.910129380,172.625463,-7.467990,-0.457485,3.006191330,-0.024645574,0.195422691
270,9.000000,1,4,586,368,-0.094068579,0.014028161,1.914572996,-170.515632,-2.526660,-0.963674,3.305782169,-0.021753097,0.075207012
271,9.033333,1,4,590,379,-0.085005475,0.031806325,1.895773696,168.434063,-3.454073,-0.377486,2.938258394,-0.018651758,0.087613829
272,9.066667,1,4,592,381,-0.083072946,0.036060605,1.896074519,-173.801535,5.156873,-0.126585,3.246464173,-0.011502060,-0.146002973
273,9.100000,1,4,593,387,-0.081034484,0.046551725,1.911228603,-180.000000,-0.000000,0.000000,3.141592654,0.000000000,0.000000001
274,9.133333,1,4,593,390,-0.080907554,0.051895329,1.909388718,-170.027489,-1.962940,-0.928133,-2.967311519,0.019598813,-0.052930952
275,9.166667,1,4,596,392,-0.075069727,0.054803484,1.888515245,173.917729,-14.302370,-0.143913,-3.221901138,0.025522483,-0.404020675
276,9.200000,1,4,600,396,-0.071934507,0.064292115,1.973471099,-170.287090,-7.474689,-1.880975,3.301059460,-0.035866203,0.220214806
277,9.233333,1,4,601,398,-0.067118555,0.065651035,1.908859636,-170.308411,-1.555925,-0.928731,-2.972309508,0.020668384,-0.042402434
278,9.266667,1,4,604,402,-0.062955432,0.072665765,1.913036668,-171.776805,-1.398395,-0.932326,3.284545339,-0.023842294,0.042005015
279,9.300000,1,4,606,406,-0.057750039,0.080160501,1.910944596,180.000000,0.000000,-0.987760,3.141475942,-0.027079677,-0.000000000
280,9.333333,1,4,610,410,-0.052597575,0.086450034,1.912676207,-172.035313,-1.110275,-0.935874,3.280168591,-0.024577137,0.033647318
281,9.366667,1,4,620,412,-0.034235393,0.088901355,1.889560698,172.852246,-12.778523,0.044311,-3.245121469,0.021440891,-0.363460229
282,9.400000,1,4,636,414,-0.006325987,0.095605439,1.976584521,169.031010,3.695297,-1.750960,-3.329790180,0.040567744,0.112295084
283,9.433333,1,4,636,414,-0.006325987,0.095605439,1.976584521,169.031010,3.695297,-1.750960,-3.329790180,0.040567744,0.112295084
284,9.466667,1,4,636,414,-0.006033586,0.093951555,1.910944596,180.000000,0.000000,-0.987760,3.141475942,-0.027079677,-0.000000000
285,9.500000,1,4,636,415,-0.006142717,0.094219881,1.896800906,-175.230543,6.827955,-0.370518,3.219322002,-0.018407528,-0.191619141
286,9.533333,1,4,638,425,-0.002720809,0.111348018,1.897246356,-175.637992,6.809682,-0.430394,3.212323838,-0.019343988,-0.190661692
287,9.566667,1,4,639,430,-0.001717380,0.120658891,1.907722447,-171.442740,-0.011309,-0.988225,-2.992135654,0.025782395,-0.002225870
288,9.600000,1,4,639,430,-0.001717380,0.120658891,1.907722447,-171.442740,-0.011309,-0.988225,-2.992135654,0.025782395,-0.002225870
289,9.633333,1,4,639,430,-0.001717380,0.120658891,1.907722447,-171.442740,-0.011309,-0.988225,-2.992135654,0.025782395,-0.002225870
290,9.666667,1,4,642,438,0.002587770,0.134683132,1.911816787,-172.903649,0.088503,-0.994447,3.265331631,-0.028494256,-0.000764782
291,9.700000,1,4,642,440,0.003234588,0.136813702,1.892516352,171.534870,-11.197943,0.250621,-3.272423673,0.016584409,-0.321329220
292,9.733333,1,4,637,448,-0.005158156,0.151624218,1.907743368,-172.069035,-0.075436,-0.982332,-3.003076081,0.025607339,-0.003761568
293,9.766667,1,4,632,454,-0.013390723,0.168723104,1.979171236,-180.000000,0.000000,-1.023030,3.141467458,-0.028046581,-0.000000000
294,9.800000,1,4,632,455,-0.015068737,0.169943286,1.976700333,-175.601206,-3.951250,-1.244858,3.215461775,-0.030672067,0.112256787
295,9.833333,1,4,631,456,-0.015480776,0.165391763,1.907807000,-172.333024,-0.247982,-0.965307,-3.007705935,0.024901034,-0.008206591
296,9.866667,1,4,625,461,-0.025862069,0.174137934,1.911228603,-180.000000,0.000000,-0.000000,3.141592655,-0.000000000,-0.000000000
297,9.900000,1,4,616,469,-0.042112276,0.188733162,1.923452354,-178.530952,1.566610,-1.532657,-3.115022101,0.042211885,0.042054827
298,9.933333,1,4,612,471,-0.049110834,0.198437549,1.980362031,-173.714045,-0.705907,-0.952001,3.251020638,-0.025909592,0.021510215
299,9.966667,1,4,613,471,-0.046551725,0.191379313,1.911228606,179.999999,-0.000000,-0.000000,3.141592642,-0.000000000,0.000000004
300,10.000000,1,4,610,477,-0.050803493,0.199207668,1.895254060,161.895060,-2.828984,-0.146767,2.824750707,-0.014730825,0.069174256
301,10.033333,1,4,608,482,-0.054302275,0.211175514,1.910944595,-180.000000,0.000000,-0.987760,3.141475942,-0.027079677,-0.000000000
302,10.066667,1,4,606,488,-0.057750039,0.221518805,1.910944596,180.000000,-0.000000,-0.987760,3.141475942,-0.027079677,0.000000000
303,10.100000,1,4,600,496,-0.068050327,0.233861608,1.909000312,-176.352678,1.204696,-0.710886,3.205137076,-0.020956739,-0.033063684
304,10.133333,1,4,594,499,-0.081242688,0.248147577,1.981233915,-172.363496,-3.464881,-1.142470,3.272537894,-0.026021534,0.101156759
305,10.166667,1,4,595,499,-0.077335870,0.236918706,1.896301814,160.253516,-2.920351,0.799684,2.796422705,0.007108706,0.074676166
306,10.200000,1,4,595,500,-0.077469807,0.241235038,1.908976245,-173.701171,-0.980033,-0.853992,-3.031596251,0.021166638,-0.027171109
307,10.233333,1,4,590,500,-0.088378769,0.250852868,1.979171236,180.000000,-0.000000,-1.023030,3.141467458,-0.028046581,0.000000000
308,10.266667,0,,,,,,,,,,,,
309,10.300000,0,,,,,,,,,,,,
310,10.333333,1,4,578,500,-0.104575027,0.233275404,1.855019482,173.264862,19.219512,-0.301159,-3.210752416,-0.023549373,0.544102775
311,10.366667,1,4,578,498,-0.109736538,0.245756508,1.980313684,-174.294464,-5.840353,-1.312983,3.235440132,-0.028847949,0.166885172
312,10.400000,1,4,576,496,-0.115115005,0.242228880,1.980685061,-174.294057,-5.955413,-1.309713,3.235255453,-0.028591067,0.170128083
313,10.433333,0,,,,,,,,,,,,
314,10.466667,1,4,576,495,-0.110455946,0.231042913,1.896587008,-177.039220,4.476904,-0.562391,3.191134328,-0.018885228,-0.124331714
315,10.500000,0,,,,,,,,,,,,
316,10.533333,1,4,558,484,-0.140496363,0.214623278,1.910944595,-180.000000,0.000000,-0.987760,3.141475942,-0.027079677,-0.000000000
317,10.566667,0,,,,,,,,,,,,
318,10.600000,1,4,548,481,-0.158261363,0.206983176,1.895520769,-176.615895,3.972957,-0.449532,3.198942502,-0.015826906,-0.110583423
319,10.633333,1,4,540,480,-0.178169060,0.215057141,1.985549591,-174.631888,-2.342676,-0.770679,3.234236462,-0.018651770,0.067148296
320,10.666667,1,4,538,480,-0.181770429,0.215079976,1.985766708,-174.662009,-2.383119,-0.766399,3.233684376,-0.018491985,0.068267218
321,10.700000,1,4,538,480,-0.177235920,0.207675405,1.917367087,-174.854825,-2.358298,-0.733540,3.230356674,-0.017691382,0.067418944
322,10.733333,1,4,532,486,-0.184924881,0.215538138,1.892231495,-178.768763,6.303076,-1.211851,-3.114083110,0.034776472,0.171109411
323,10.766667,1,4,528,493,-0.191423917,0.227237079,1.900930005,161.444285,-9.347449,0.659570,2.810092897,-0.021353026,0.232358746
324,10.800000,1,4,525,495,-0.198275864,0.232758623,1.911228595,-179.999999,0.000001,0.000000,3.141592674,0.000000000,-0.000000027
325,10.833333,1,4,520,496,-0.205409466,0.232614029,1.892301499,-178.886064,5.989928,-1.229997,-3.116614381,0.035039570,0.162735814
326,10.866667,1,4,516,496,-0.220500564,0.243711150,1.979171236,180.000000,-0.000000,-1.023030,3.141467458,-0.028046581,0.000000001
327,10.900000,1,4,512,497,-0.219772880,0.234303329,1.895243580,-176.840683,3.302902,-0.420776,3.195571070,-0.014274857,-0.091808952
328,10.933333,1,4,507,497,-0.229310348,0.236206900,1.911228604,180.000000,-0.000000,-0.000000,3.141592651,-0.000000000,0.000000003
329,10.966667,1,4,501,497,-0.239655176,0.236206900,1.911228603,-180.000000,0.000000,0.000000,3.141592655,0.000000000,-0.000000001
330,11.000000,0,,,,,,,,,,,,
331,11.033333,1,4,496,494,-0.247121782,0.229174608,1.895237544,-176.790281,3.049665,-0.380473,3.196618477,-0.012997730,-0.084795665
332,11.066667,0,,,,,,,,,,,,
333,11.100000,1,4,486,487,-0.264232965,0.217223458,1.895365186,-176.693522,2.887762,-0.342439,3.198402598,-0.011884831,-0.080342637
334,11.133333,1,4,482,486,-0.270004165,0.215345578,1.890478449,-178.452321,5.406863,-1.103533,-3.110093457,0.031935328,0.146451313
335,11.166667,1,4,478,486,-0.290482491,0.226236887,1.994315376,-179.869775,-3.216035,-1.101249,-3.138478841,0.030062228,-0.088139411
336,11.200000,0,,,,,,,,,,,,
337,11.233333,0,,,,,,,,,,,,
338,11.266667,0,,,,,,,,,,,,
339,11.300000,1,4,462,478,-0.310174211,0.205179730,1.926726706,-176.291726,-3.444997,-0.627330,3.204456713,-0.014423313,0.096932874
340,11.333333,1,4,458,476,-0.310794690,0.198213414,1.889677939,-178.188720,5.064187,-1.015099,-3.106071043,0.029687057,0.136923067
341,11.366667,1,4,452,476,-0.327792389,0.201846065,1.928133836,-176.498563,-3.549127,-0.623523,3.200752416,-0.014385207,0.099697165
342,11.400000,1,4,452,476,-0.327792389,0.201846065,1.928133836,-176.498563,-3.549127,-0.623523,3.200752416,-0.014385207,0.099697165
343,11.433333,1,4,447,476,-0.335137511,0.201581359,1.925378983,-175.433115,-3.617218,-0.556093,-3.060668479,0.010999221,-0.097237384
344,11.466667,1,4,444,476,-0.353910419,0.208493301,1.996867996,179.246476,-2.905319,-1.186944,-3.154081140,0.033197292,-0.079770041
345,11.500000,1,4,438,477,-0.363276002,0.211053747,1.998945475,-176.629695,-3.688725,-0.642701,3.198313633,-0.014908298,0.103517118
346,11.533333,1,4,437,478,-0.352722606,0.204869116,1.928545621,-179.445675,-0.598208,-0.418871,-3.131892623,0.011369077,-0.016405092
347,11.566667,1,4,434,478,-0.366905797,0.211573416,1.979171236,180.000000,-0.000000,-1.023030,3.141467458,-0.028046581,0.000000000
348,11.600000,1,4,435,479,-0.355953834,0.206251924,1.925139482,-179.039205,-2.911281,-1.025085,-3.124150620,0.027282316,-0.079622550
349,11.633333,1,4,426,480,-0.384639932,0.215754416,1.997398356,179.162982,-2.739315,-1.203851,-3.155622597,0.033704042,-0.075207600
350,11.666667,1,4,426,480,-0.384639932,0.215754416,1.997398356,179.162982,-2.739315,-1.203851,-3.155622597,0.033704042,-0.075207600
351,11.700000,1,4,426,480,-0.384639932,0.215754416,1.997398356,179.162982,-2.739315,-1.203851,-3.155622597,0.033704042,-0.075207600
352,11.733333,1,4,426,480,-0.384639932,0.215754416,1.997398356,179.162982,-2.739315,-1.203851,-3.155622597,0.033704042,-0.075207600
353,11.766667,1,4,426,480,-0.384639932,0.215754416,1.997398356,179.162982,-2.739315,-1.203851,-3.155622597,0.033704042,-0.075207600
354,11.800000,1,4,426,480,-0.368412264,0.206576617,1.915253918,164.709713,-21.156157,1.834152,2.834985181,-0.025674788,0.535307140
355,11.833333,1,4,426,480,-0.373536543,0.209082074,1.930819611,-177.047703,-3.543003,-0.613521,3.191190889,-0.014542280,0.099138252
356,11.866667,1,4,424,481,-0.390610248,0.218418685,2.000399560,-176.948225,-3.638369,-0.636087,3.192815715,-0.015021798,0.101880024
357,11.900000,1,4,424,481,-0.390610248,0.218418685,2.000399560,-176.948225,-3.638369,-0.636087,3.192815715,-0.015021798,0.101880024
358,11.933333,1,4,424,481,-0.390610248,0.218418685,2.000399560,-176.948225,-3.638369,-0.636087,3.192815715,-0.015021798,0.101880024
359,11.966667,1,4,424,481,-0.390610248,0.218418685,2.000399560,-176.948225,-3.638369,-0.636087,3.192815715,-0.015021798,0.101880024
360,12.000000,1,4,424,481,-0.390610248,0.218418685,2.000399560,-176.948225,-3.638369,-0.636087,3.192815715,-0.015021798,0.101880024
361,12.033333,1,4,424,481,-0.390610248,0.218418685,2.000399560,-176.948225,-3.638369,-0.636087,3.192815715,-0.015021798,0.101880024
362,12.066667,1,4,424,481,-0.390610248,0.218418685,2.000399560,-176.948225,-3.638369,-0.636087,3.192815715,-0.015021798,0.101880024
363,12.100000,1,4,424,481,-0.370462997,0.207095908,1.896591970,-176.804623,2.059013,-0.233702,3.196903472,-0.008122282,-0.057267224
364,12.133333,1,4,422,481,-0.394950846,0.219441895,2.013793821,-176.011211,-7.825144,-0.764347,3.202574470,-0.013734417,0.219776021
365,12.166667,1,4,422,480,-0.392123483,0.216783244,2.000541516,169.236379,-18.689268,0.436156,2.917864886,-0.034126047,0.481170878
366,12.200000,1,4,422,480,-0.392123483,0.216783244,2.000541516,169.236379,-18.689268,0.436156,2.917864886,-0.034126047,0.481170878
367,12.233333,1,4,422,480,-0.392123483,0.216783244,2.000541516,169.236379,-18.689268,0.436156,2.917864886,-0.034126047,0.481170878
368,12.266667,1,4,422,480,-0.392123483,0.216783244,2.000541516,169.236379,-18.689268,0.436156,2.917864886,-0.034126047,0.481170878
369,12.300000,1,4,422,480,-0.392123483,0.216783244,2.000541516,169.236379,-18.689268,0.436156,2.917864886,-0.034126047,0.481170878
370,12.333333,1,4,422,480,-0.392123483,0.216783244,2.000541516,169.236379,-18.689268,0.436156,2.917864886,-0.034126047,0.481170878
371,12.366667,1,4,422,480,-0.392123483,0.216783244,2.000541516,169.236379,-18.689268,0.436156,2.917864886,-0.034126047,0.481170878
372,12.400000,1,4,422,480,-0.374944281,0.207727751,1.910944595,-180.000000,0.000000,-0.987760,3.141475942,-0.027079677,-0.000000000
373,12.433333,1,4,422,480,-0.374944281,0.207727751,1.910944595,-180.000000,0.000000,-0.987760,3.141475942,-0.027079677,-0.000000000
374,12.466667,1,4,418,482,-0.382280317,0.210064138,1.915562333,164.543168,-21.896611,1.964588,2.829526824,-0.025755292,0.553690148
375,12.500000,1,4,416,482,-0.391131516,0.212657091,1.931688472,-177.237355,-3.506859,-0.611825,3.187920185,-0.014667762,0.098000807
376,12.533333,1,4,408,480,-0.413326968,0.215144275,1.979171236,-180.000000,0.000000,-1.023030,3.141467458,-0.028046581,-0.000000001
377,12.566667,1,4,406,478,-0.425330738,0.213565566,2.012466559,-165.592285,-18.143614,-2.531794,3.339121501,-0.006394254,0.542240204
378,12.600000,0,,,,,,,,,,,,
379,12.633333,1,4,406,471,-0.424149217,0.201168919,2.007021896,-168.272473,-19.627869,-2.515596,3.285686131,-0.013764993,0.575543972
380,12.666667,1,4,406,467,-0.405050297,0.184327482,1.917117513,166.126560,-22.984729,1.770932,2.851039305,-0.026448479,0.584792308
381,12.700000,1,4,406,462,-0.402799350,0.176430904,1.908060512,179.988307,0.871607,-0.041616,3.141303033,-0.001138379,-0.023893984
382,12.733333,1,4,408,460,-0.401694130,0.173271610,1.915240008,-177.172935,-0.356841,-0.439364,-3.092237795,0.011618622,-0.009921896
383,12.766667,1,4,410,451,-0.415913457,0.164591754,2.002284762,-167.034311,-20.024799,-2.837735,3.303054936,-0.015540332,0.592157157
384,12.800000,1,4,410,447,-0.394811407,0.149083053,1.898531790,-176.512836,1.712128,-0.143753,3.202125477,-0.005473503,-0.047724693
385,12.833333,1,4,410,439,-0.397360495,0.136107021,1.919256991,168.908857,-18.840971,0.894146,2.912921359,-0.024191887,0.485446940
386,12.866667,1,4,410,439,-0.397360495,0.136107021,1.919256991,168.908857,-18.840971,0.894146,2.912921359,-0.024191887,0.485446940
387,12.900000,1,4,410,439,-0.397360495,0.136107021,1.919256991,168.908857,-18.840971,0.894146,2.912921359,-0.024191887,0.485446940
388,12.933333,1,4,415,392,-0.393232888,0.056044719,1.938050263,-175.503574,-6.124838,-0.704566,-3.059445940,0.012385148,-0.164417523
389,12.966667,1,4,414,392,-0.409542111,0.057438630,2.014948523,-170.482094,-15.985057,-1.759213,3.269145385,-0.011976492,0.463109122
390,13.000000,1,4,415,391,-0.387931042,0.053448277,1.911228614,180.000000,-0.000002,0.000000,3.141592650,0.000000000,0.000000041
391,13.033333,1,4,415,391,-0.387931042,0.053448277,1.911228614,180.000000,-0.000002,0.000000,3.141592650,0.000000000,0.000000041
392,13.066667,1,4,418,388,-0.389523873,0.049069317,1.941303923,-178.387145,-5.837678,-0.853137,3.164747321,-0.021290654,0.161693228
393,13.100000,1,4,428,377,-0.358124055,0.029350629,1.876903778,-173.778863,0.862983,0.390179,3.250005645,0.009736055,-0.025077419
394,13.133333,1,4,432,371,-0.373221351,0.020460199,1.995948534,-169.097817,-18.086395,-2.514764,3.280140169,-0.022169555,0.528752643
395,13.166667,1,4,433,371,-0.356896559,0.018965518,1.911228613,180.000000,-0.000002,0.000000,3.141592652,0.000000000,0.000000041
396,13.200000,1,4,433,371,-0.359276691,0.018638572,1.924191420,179.083655,-1.801399,-1.306395,-3.157345920,0.036393721,-0.049350310
397,13.233333,1,4,431,370,-0.369503503,0.018735350,1.963226549,-172.887645,-33.063976,1.391797,-2.890326585,-0.088442978,-0.855919283
398,13.266667,1,4,434,364,-0.369070532,0.007703647,1.993025606,-176.470136,-18.583676,-1.545733,3.155755041,-0.026659486,0.517589676
399,13.300000,1,4,434,364,-0.368936855,0.006953210,1.992353082,-168.509240,-18.952100,-2.717790,3.284754176,-0.022747677,0.555886243
400,13.333333,1,4,434,362,-0.354257700,0.004309704,1.910944596,-180.000000,-0.000000,-0.987760,3.141475942,-0.027079677,0.000000000
401,13.366667,1,4,434,361,-0.355172416,0.001724138,1.911228588,-180.000000,0.000002,0.000000,3.141592654,0.000000000,-0.000000063
402,13.400000,1,4,434,361,-0.353100486,0.001825227,1.904583814,-175.304445,1.040980,-0.015401,3.223411352,-0.001633804,-0.029265353
403,13.433333,1,4,432,360,-0.344991844,0.000056441,1.841462730,-177.042094,13.396491,2.075007,-3.072920525,-0.046329945,0.362306704
404,13.466667,0,,,,,,,,,,,,
405,13.500000,1,4,421,349,-0.377586209,-0.018965517,1.911228584,180.000000,0.000003,-0.000000,3.141592651,-0.000000000,-0.000000075
406,13.533333,1,4,418,346,-0.398187158,-0.024512596,1.994918965,-167.463617,-19.802484,-2.981748,3.296603233,-0.022583919,0.584555415
407,13.566667,1,4,419,347,-0.372389882,-0.021699119,1.868135480,169.840495,-20.842014,0.280069,2.918752749,-0.040581459,0.537410286
408,13.600000,1,4,418,347,-0.382286290,-0.022350407,1.910770489,-177.451424,2.249838,0.071247,-3.096546793,-0.000572746,0.060846786
409,13.633333,1,4,417,337,-0.383945990,-0.039612879,1.911005921,-178.340439,-2.642364,-0.145875,3.169645429,-0.002976203,0.073160154
410,13.666667,1,4,417,330,-0.384293053,-0.051379131,1.909450940,174.008007,7.849568,-0.155373,-3.238105762,-0.007236770,0.222387831
411,13.700000,1,4,421,326,-0.394794297,-0.060474369,1.998432794,-158.674549,-22.131376,-4.708050,3.420928957,-0.014643258,0.694458634
412,13.733333,1,4,422,325,-0.392947033,-0.062648895,1.995674748,-160.086392,-19.304932,-3.985503,3.419717768,-0.016864654,0.601886174
413,13.766667,1,4,422,324,-0.389771070,-0.064768563,1.988798738,-165.516775,-20.651623,-3.498449,3.322170424,-0.024526951,0.617741900
414,13.800000,1,4,421,323,-0.374778531,-0.063239729,1.900237853,-170.319606,-30.504550,-1.246949,-2.878394261,-0.035129509,-0.787317704
415,13.833333,1,4,426,317,-0.386066486,-0.078042403,2.006373504,-167.860686,-16.458704,-2.275635,3.310091728,-0.014833821,0.485564909
416,13.866667,1,4,428,316,-0.378951253,-0.078315473,1.988432549,-171.509220,-19.961070,-2.440217,3.229532510,-0.026587930,0.573268912
417,13.900000,1,4,429,316,-0.365108361,-0.075781044,1.918235489,176.766943,-0.808645,-0.548646,-3.197969294,0.015948376,-0.022135573
418,13.933333,1,4,429,316,-0.365108361,-0.075781044,1.918235489,176.766943,-0.808645,-0.548646,-3.197969294,0.015948376,-0.022135573
419,13.966667,1,4,429,316,-0.365108361,-0.075781044,1.918235489,176.766943,-0.808645,-0.548646,-3.197969294,0.015948376,-0.022135573
420,14.000000,1,4,428,316,-0.378616598,-0.079022312,1.986721248,-164.732958,-20.318570,-3.629655,3.336861779,-0.025570599,0.611653368
421,14.033333,1,4,429,317,-0.365445278,-0.074952545,1.920009996,178.216819,-0.887741,-1.414286,-3.172566032,0.039540281,-0.023969019
422,14.066667,1,4,440,314,-0.350076506,-0.080414819,1.936169744,176.989294,-5.510949,-1.245270,3.084310139,-0.037420198,0.147566592
423,14.100000,1,4,456,307,-0.317330790,-0.092115012,1.915259912,175.093479,-6.459957,-0.781053,3.050394300,-0.028167501,0.171256618
424,14.133333,1,4,474,301,-0.285738077,-0.101226314,1.905622608,-170.435094,-22.463450,-1.316004,-2.924668392,-0.014998479,-0.583481885
425,14.166667,1,4,480,299,-0.275862073,-0.105172415,1.911228602,180.000000,0.000000,0.000000,3.141592652,0.000000000,-0.000000007
426,14.200000,1,4,480,299,-0.275862073,-0.105172415,1.911228602,180.000000,0.000000,0.000000,3.141592652,0.000000000,-0.000000007
427,14.233333,1,4,480,299,-0.277143178,-0.106499934,1.928010781,-178.523927,-11.975480,-1.136920,3.147719373,-0.026977693,0.330555559
428,14.266667,1,4,482,298,-0.270308334,-0.105627058,1.896739015,-178.315022,-21.114774,-1.811542,-3.065311411,0.040059769,-0.571986006
429,14.300000,1,4,486,297,-0.264645715,-0.109052450,1.908961076,174.242331,-5.523199,-0.774334,3.036960788,-0.027889238,0.145462312
430,14.333333,1,4,500,294,-0.227363565,-0.107502190,1.805421083,-162.501473,7.740437,1.802448,3.435666596,0.018271426,-0.240704406
431,14.366667,1,4,499,293,-0.243201599,-0.115641758,1.914965334,-175.545258,2.464529,0.205612,-3.063223434,-0.002933554,0.066104820
432,14.400000,1,4,506,288,-0.232101962,-0.125086624,1.918406781,177.906749,9.193570,1.259890,-3.169347048,-0.039503135,0.254188111
433,14.433333,1,4,508,288,-0.225926832,-0.122763363,1.897248669,-178.021863,-18.975184,-1.847552,-3.069882593,0.040640700,-0.513869423
434,14.466667,1,4,508,288,-0.225926832,-0.122763363,1.897248669,-178.021863,-18.975184,-1.847552,-3.069882593,0.040640700,-0.513869423
435,14.500000,1,4,519,275,-0.208837600,-0.146504597,1.913241751,-170.459426,-19.974674,-1.711627,-2.936996285,0.000711725,-0.520749270
436,14.533333,1,4,524,275,-0.208917807,-0.152606431,1.988563390,174.285641,-3.363607,-1.293146,3.039737975,-0.038759420,0.087540444
437,14.566667,1,4,527,278,-0.195189165,-0.141439693,1.916571253,-164.574639,-7.753139,-1.573419,-2.867900637,0.013060023,-0.199643818
438,14.600000,1,4,528,280,-0.179844938,-0.128295250,1.776365433,-165.916820,16.685053,4.560854,3.334243909,0.072329310,-0.504977764
439,14.633333,1,4,528,278,-0.193386701,-0.140000280,1.903819696,178.795360,7.788576,0.640781,-3.155974328,-0.019906606,0.214651989
440,14.666667,1,4,528,278,-0.192212815,-0.140496363,1.910944596,-180.000000,-0.000000,-0.987760,3.141475942,-0.027079677,0.000000000
441,14.700000,1,4,535,278,-0.186484805,-0.144803307,1.972743824,-168.912806,-18.031391,-0.350617,-2.914631509,-0.035964475,-0.463294494
442,14.733333,1,4,540,280,-0.177314585,-0.142042968,1.978118953,-167.068923,-10.804586,-2.348457,3.346546222,-0.032721875,0.324179204
443,14.766667,1,4,542,282,-0.168078471,-0.133600836,1.910944596,180.000000,0.000000,-0.987760,3.141475942,-0.027079677,-0.000000000
444,14.800000,1,4,544,284,-0.166882297,-0.131621744,1.917766694,173.842892,-3.007434,-1.204670,3.032406385,-0.036161842,0.077889785
445,14.833333,1,4,544,286,-0.164630707,-0.126705309,1.910944598,-180.000000,-0.000000,-0.987760,3.141475948,-0.027079677,0.000000011
446,14.866667,1,4,546,289,-0.166761423,-0.127161721,1.976746951,175.130538,1.203498,-1.496966,-3.225840479,0.040702300,0.035672330
447,14.900000,1,4,546,289,-0.166761423,-0.127161721,1.976746951,175.130538,1.203498,-1.496966,-3.225840479,0.040702300,0.035672330
448,14.933333,1,4,546,290,-0.161536138,-0.121561637,1.917095858,176.973575,-7.342123,-0.913137,3.081423109,-0.029778291,0.197057895
449,14.966667,1,4,546,290,-0.161182944,-0.119809782,1.910944596,180.000000,0.000000,-0.987760,3.141475942,-0.027079677,-0.000000000
450,15.000000,1,4,546,291,-0.162068968,-0.118965519,1.911228604,-180.000000,-0.000000,-0.000000,3.141592655,-0.000000000,0.000000003
451,15.033333,1,4,546,291,-0.161993349,-0.119044214,1.914586435,-174.260950,3.215158,0.256381,-3.040384825,-0.002525365,0.085668825
452,15.066667,1,4,547,292,-0.160205935,-0.116798277,1.909250062,175.180865,1.196582,-0.462480,-3.225410390,0.011600188,0.034229136
453,15.100000,1,4,547,292,-0.160205935,-0.116798277,1.909250062,175.180865,1.196582,-0.462480,-3.225410390,0.011600188,0.034229136
454,15.133333,1,4,548,294,-0.149164972,-0.105891959,1.783672409,-166.072369,14.576181,3.734229,3.344902501,0.056759826,-0.440879233
455,15.166667,1,4,547,293,-0.160405542,-0.115602811,1.910200724,-166.651294,-12.458244,-2.313519,-2.896400392,0.021484204,-0.322899893
456,15.200000,1,4,548,292,-0.157541870,-0.116339456,1.908172074,-166.396621,-18.329260,-1.727225,-2.874047628,-0.011976655,-0.468704930
457,15.233333,1,4,553,294,-0.142257443,-0.107121966,1.802600133,-170.289729,16.953652,4.005478,-2.949794873,-0.065778318,0.448193466
458,15.266667,1,4,554,292,-0.147606663,-0.118031266,1.915801230,176.608969,-7.091665,-0.885503,3.075571158,-0.029408609,0.189878713
459,15.300000,1,4,554,292,-0.152427222,-0.121893777,1.978908185,-160.648067,-9.138118,-2.685021,3.462113823,-0.033952368,0.290414580
460,15.333333,1,4,554,292,-0.152427222,-0.121893777,1.978908185,-160.648067,-9.138118,-2.685021,3.462113823,-0.033952368,0.290414580
461,15.366667,1,4,555,291,-0.146551726,-0.118965519,1.911228604,-180.000000,-0.000000,0.000000,3.141592655,0.000000000,0.000000003
462,15.400000,1,4,555,291,-0.146090593,-0.118881933,1.907694435,-166.507780,-8.066203,-1.956301,-2.901401221,0.025335361,-0.210400005
463,15.433333,1,4,554,290,-0.151645929,-0.124439205,1.969467160,-161.455518,-11.632626,-3.408191,3.437610227,-0.045081417,0.366683929
464,15.466667,1,4,554,290,-0.152423189,-0.125458439,1.978859430,-160.515084,-9.148580,-2.702040,3.464343731,-0.034103488,0.291103788
465,15.500000,1,4,554,288,-0.154678880,-0.129425902,1.982615921,170.482356,-1.529721,-1.586727,2.974585505,-0.044497710,0.036282555
466,15.533333,1,4,552,286,-0.155885341,-0.131313179,1.977660912,-167.493548,-9.858723,-2.223789,3.342498367,-0.033279223,0.295333055
467,15.566667,1,4,552,286,-0.156225096,-0.131229081,1.979171236,180.000000,0.000000,-1.023030,3.141467458,-0.028046581,-0.000000000
468,15.600000,1,4,550,286,-0.154587411,-0.128448706,1.916625580,176.935493,-7.034725,-0.917608,3.081308509,-0.029741192,0.188740603
469,15.633333,1,4,548,286,-0.163180353,-0.132497472,1.976552530,175.172127,1.270693,-1.489213,-3.225082957,0.040407074,0.037530791
470,15.666667,1,4,546,288,-0.166758682,-0.128942273,1.976712658,175.151187,1.210678,-1.495365,-3.225477269,0.040650210,0.035860924
471,15.700000,1,4,546,290,-0.169059168,-0.125906396,1.983537353,170.527570,-1.826562,-1.603884,2.975184644,-0.045575269,0.043978210
472,15.733333,1,4,546,290,-0.169059168,-0.125906396,1.983537353,170.527570,-1.826562,-1.603884,2.975184644,-0.045575269,0.043978210
473,15.766667,1,4,546,290,-0.169059168,-0.125906396,1.983537353,170.527570,-1.826562,-1.603884,2.975184644,-0.045575269,0.043978210
474,15.800000,1,4,546,290,-0.166614897,-0.124210680,1.978069290,-167.847990,-10.292964,-2.217074,3.335041574,-0.032553853,0.307184176
475,15.833333,1,4,546,290,-0.166614897,-0.124210680,1.978069290,-167.847990,-10.292964,-2.217074,3.335041574,-0.032553853,0.307184176
476,15.866667,1,4,546,290,-0.166614897,-0.124210680,1.978069290,-167.847990,-10.292964,-2.217074,3.335041574,-0.032553853,0.307184176
477,15.900000,1,4,546,290,-0.166614897,-0.124210680,1.978069290,-167.847990,-10.292964,-2.217074,3.335041574,-0.032553853,0.307184176
478,15.933333,1,4,546,290,-0.166614897,-0.124210680,1.978069290,-167.847990,-10.292964,-2.217074,3.335041574,-0.032553853,0.307184176
479,15.966667,1,4,546,290,-0.166614897,-0.124210680,1.978069290,-167.847990,-10.292964,-2.217074,3.335041574,-0.032553853,0.307184176
480,16.000000,1,4,546,290,-0.166614897,-0.124210680,1.978069290,-167.847990,-10.292964,-2.217074,3.335041574,-0.032553853,0.307184176
481,16.033333,1,4,546,290,-0.166614897,-0.124210680,1.978069290,-167.847990,-10.292964,-2.217074,3.335041574,-0.032553853,0.307184176
482,16.066667,1,4,546,290,-0.166249721,-0.124333407,1.974018983,-164.274683,-11.352156,-2.847147,3.391620723,-0.037720453,0.348619356
483,16.100000,1,4,546,290,-0.161182944,-0.119809782,1.910944596,180.000000,0.000000,-0.987760,3.141475942,-0.027079677,-0.000000000
484,16.133333,1,4,554,295,-0.148678198,-0.111484077,1.904732365,-171.030925,2.211214,0.093905,3.297452777,-0.002288892,-0.063849002
485,16.166667,1,4,554,295,-0.148678198,-0.111484077,1.904732365,-171.030925,2.211214,0.093905,3.297452777,-0.002288892,-0.063849002
486,16.200000,1,4,562,298,-0.133689015,-0.107596172,1.914445398,176.136968,-6.957473,-0.841743,3.067652443,-0.028823528,0.185725828
487,16.233333,1,4,558,301,-0.145868924,-0.105798500,1.984857283,172.849200,-2.926200,-1.189125,3.015155071,-0.036102169,0.075057628
488,16.266667,1,4,558,302,-0.147075273,-0.104052640,1.978881411,-161.284032,-8.889501,-2.588856,3.452081011,-0.033772491,0.281108660
489,16.300000,1,4,558,301,-0.146757631,-0.104253215,1.974928967,-159.045910,-9.960551,-3.186901,3.485908489,-0.040778921,0.321556545
490,16.333333,1,4,558,300,-0.146326545,-0.106689565,1.969544845,-162.123329,-11.417325,-3.290009,3.427274336,-0.044520231,0.357929840
491,16.366667,1,4,558,300,-0.147071371,-0.107617760,1.978832886,-161.154256,-8.900848,-2.605369,3.454257519,-0.033922130,0.281802115
492,16.400000,1,4,558,298,-0.140173075,-0.105500304,1.893930975,-179.756861,-15.842353,-1.469831,-3.110705323,0.038983757,-0.432900970
493,16.433333,1,4,558,298,-0.140173075,-0.105500304,1.893930975,-179.756861,-15.842353,-1.469831,-3.110705323,0.038983757,-0.432900970
494,16.466667,1,4,558,298,-0.140173075,-0.105500304,1.893930975,-179.756861,-15.842353,-1.469831,-3.110705323,0.038983757,-0.432900970
495,16.500000,1,4,558,298,-0.140173075,-0.105500304,1.893930975,-179.756861,-15.842353,-1.469831,-3.110705323,0.038983757,-0.432900970
496,16.533333,1,4,558,298,-0.140173075,-0.105500304,1.893930975,-179.756861,-15.842353,-1.469831,-3.110705323,0.038983757,-0.432900970
497,16.566667,1,4,558,298,-0.140173075,-0.105500304,1.893930975,-179.756861,-15.842353,-1.469831,-3.110705323,0.038983757,-0.432900970
498,16.600000,1,4,558,298,-0.140173075,-0.105500304,1.893930975,-179.756861,-15.842353,-1.469831,-3.110705323,0.038983757,-0.432900970
499,16.633333,1,4,558,298,-0.146644032,-0.110070531,1.973558313,-164.791362,-10.565128,-2.716285,3.385807820,-0.038467006,0.323674757
500,16.666667,0,,,,,,,,,,,,
501,16.700000,1,4,556,298,-0.149732489,-0.110868869,1.987311881,-166.123113,-20.813362,-0.245277,-2.855707862,-0.057709025,-0.525183426
502,16.733333,1,4,556,288,-0.148838823,-0.129011165,1.978638407,-160.369792,-9.027617,-2.709598,3.467217127,-0.034635482,0.287809875
503,16.766667,1,4,556,287,-0.149291067,-0.131192815,1.982287645,170.476716,-1.415180,-1.580152,2.974554757,-0.044080746,0.033320530
504,16.800000,1,4,557,287,-0.143103450,-0.125862071,1.911228603,-180.000000,-0.000000,0.000000,3.141592655,0.000000000,0.000000001
505,16.833333,1,4,558,290,-0.147502018,-0.125829849,1.982278192,170.365639,-1.422167,-1.576568,2.972614856,-0.044010137,0.033447910
506,16.866667,1,4,558,290,-0.142561947,-0.121160799,1.916336411,173.409415,-2.725169,-1.169294,3.025102040,-0.035012738,0.070178897
507,16.900000,1,4,558,290,-0.140249449,-0.119218889,1.894917227,-179.230118,-15.682662,-1.575329,-3.102459728,0.039782137,-0.427545456
508,16.933333,1,4,558,290,-0.146628817,-0.124289516,1.973363315,-164.224304,-10.588370,-2.793492,3.395330349,-0.039184687,0.325995439
509,16.966667,1,4,558,290,-0.140496363,-0.119809782,1.910944597,-180.000000,-0.000000,-0.987760,3.141475948,-0.027079677,0.000000011
510,17.000000,1,4,558,291,-0.141379313,-0.118965519,1.911228605,-180.000000,-0.000000,-0.000000,3.141592659,-0.000000000,0.000000011
511,17.033333,1,4,558,291,-0.140088322,-0.118349303,1.904721837,-170.710180,2.316305,0.107379,3.302978649,-0.002330116,-0.067025471
512,17.066667,1,4,559,291,-0.145159877,-0.123546865,1.984128966,-159.410437,-12.410180,-3.496594,3.469310961,-0.037358008,0.396194997
513,17.100000,1,4,559,293,-0.139504963,-0.115546760,1.913985080,-173.958021,3.596986,0.271168,-3.034832637,-0.002152474,0.095672198
514,17.133333,1,4,564,293,-0.136826835,-0.120231564,1.993762002,-166.954623,-15.442711,0.041614,-2.889104415,-0.045837309,-0.391601075
515,17.166667,1,4,570,293,-0.121114288,-0.114825562,1.903366792,-170.470845,2.894230,0.137440,3.306729226,-0.002996607,-0.083865933
516,17.200000,1,4,570,293,-0.126099450,-0.120041673,1.983536244,172.910320,-2.439327,-1.178298,3.016604962,-0.034998671,0.062303831
517,17.233333,1,4,570,293,-0.123920787,-0.119981358,1.975859624,174.816928,1.781656,-1.467930,-3.230980662,0.039117206,0.052111933
518,17.266667,1,4,570,294,-0.123922147,-0.118200848,1.975882868,174.792229,1.776808,-1.469854,-3.231413594,0.039172083,0.051993589
519,17.300000,1,4,570,294,-0.123922147,-0.118200848,1.975882868,174.792229,1.776808,-1.469854,-3.231413594,0.039172083,0.051993589
520,17.333333,1,4,570,294,-0.123922147,-0.118200848,1.975882868,174.792229,1.776808,-1.469854,-3.231413594,0.039172083,0.051993589
521,17.366667,1,4,570,294,-0.123770136,-0.118564587,1.973329250,171.395499,2.069491,-1.902778,2.991155494,-0.045606958,-0.057760843
522,17.400000,1,4,570,293,-0.125324955,-0.118428248,1.973842577,-158.494694,-9.231113,-3.207139,3.497855364,-0.044276692,0.300853290
523,17.433333,1,4,568,292,-0.127381202,-0.121820624,1.977776121,-160.572038,-8.232009,-2.623292,3.466264217,-0.036655225,0.262950086
524,17.466667,1,4,568,291,-0.127777151,-0.123984348,1.981309303,170.203647,-1.054021,-1.550850,2.969987454,-0.042539055,0.023874322
525,17.500000,1,4,568,291,-0.127777151,-0.123984348,1.981309303,170.203647,-1.054021,-1.550850,2.969987454,-0.042539055,0.023874322
526,17.533333,1,4,568,291,-0.127777151,-0.123984348,1.981309303,170.203647,-1.054021,-1.550850,2.969987454,-0.042539055,0.023874322
527,17.566667,1,4,568,291,-0.127777151,-0.123984348,1.981309303,170.203647,-1.054021,-1.550850,2.969987454,-0.042539055,0.023874322
528,17.600000,1,4,568,291,-0.127777151,-0.123984348,1.981309303,170.203647,-1.054021,-1.550850,2.969987454,-0.042539055,0.023874322
529,17.633333,1,4,570,291,-0.126097853,-0.123616888,1.983501149,172.972014,-2.409409,-1.180658,3.017701128,-0.034990424,0.061551173
530,17.666667,1,4,570,291,-0.126097853,-0.123616888,1.983501149,172.972014,-2.409409,-1.180658,3.017701128,-0.034990424,0.061551173
531,17.700000,1,4,570,292,-0.125986602,-0.122194337,1.981250914,170.158649,-1.031215,-1.548275,2.969214026,-0.042421157,0.023266970
532,17.733333,1,4,570,292,-0.125986602,-0.122194337,1.981250914,170.158649,-1.031215,-1.548275,2.969214026,-0.042421157,0.023266970
533,17.766667,1,4,570,292,-0.125986602,-0.122194337,1.981250914,170.158649,-1.031215,-1.548275,2.969214026,-0.042421157,0.023266970
534,17.800000,1,4,570,291,-0.125322579,-0.121984819,1.973807001,-158.367143,-9.234447,-3.223820,3.500008810,-0.044468068,0.301349794
535,17.833333,1,4,570,292,-0.121750925,-0.117637932,1.915176783,173.146714,-2.392861,-1.142488,3.020784204,-0.033896477,0.061285482
536,17.866667,1,4,570,292,-0.121750925,-0.117637932,1.915176783,173.146714,-2.392861,-1.142488,3.020784204,-0.033896477,0.061285482
537,17.900000,1,4,570,292,-0.121750925,-0.117637932,1.915176783,173.146714,-2.392861,-1.142488,3.020784204,-0.033896477,0.061285482
538,17.933333,1,4,570,292,-0.121750925,-0.117637932,1.915176783,173.146714,-2.392861,-1.142488,3.020784204,-0.033896477,0.061285482
539,17.966667,1,4,570,292,-0.121750925,-0.117637932,1.915176783,173.146714,-2.392861,-1.142488,3.020784204,-0.033896477,0.061285482
540,18.000000,1,4,570,292,-0.121750925,-0.117637932,1.915176783,173.146714,-2.392861,-1.142488,3.020784204,-0.033896477,0.061285482
541,18.033333,1,4,570,292,-0.121750925,-0.117637932,1.915176783,173.146714,-2.392861,-1.142488,3.020784204,-0.033896477,0.061285482
542,18.066667,1,4,570,292,-0.121750925,-0.117637932,1.915176783,173.146714,-2.392861,-1.142488,3.020784204,-0.033896477,0.061285482
543,18.100000,1,4,570,292,-0.121750925,-0.117637932,1.915176783,173.146714,-2.392861,-1.142488,3.020784204,-0.033896477,0.061285482
544,18.133333,1,4,570,292,-0.121750925,-0.117637932,1.915176783,173.146714,-2.392861,-1.142488,3.020784204,-0.033896477,0.061285482
545,18.166667,1,4,570,292,-0.121750925,-0.117637932,1.915176783,173.146714,-2.392861,-1.142488,3.020784204,-0.033896477,0.061285482
546,18.200000,1,4,570,292,-0.121750925,-0.117637932,1.915176783,173.146714,-2.392861,-1.142488,3.020784204,-0.033896477,0.061285482
547,18.233333,1,4,570,292,-0.121750925,-0.117637932,1.915176783,173.146714,-2.392861,-1.142488,3.020784204,-0.033896477,0.061285482
548,18.266667,1,4,570,292,-0.121750925,-0.117637932,1.915176783,173.146714,-2.392861,-1.142488,3.020784204,-0.033896477,0.061285482
549,18.300000,1,4,570,292,-0.121750925,-0.117637932,1.915176783,173.146714,-2.392861,-1.142488,3.020784204,-0.033896477,0.061285482
550,18.333333,1,4,570,292,-0.121750925,-0.117637932,1.915176783,173.146714,-2.392861,-1.142488,3.020784204,-0.033896477,0.061285482
551,18.366667,1,4,570,292,-0.121750925,-0.117637932,1.915176783,173.146714,-2.392861,-1.142488,3.020784204,-0.033896477,0.061285482
552,18.400000,1,4,570,292,-0.121750925,-0.117637932,1.915176783,173.146714,-2.392861,-1.142488,3.020784204,-0.033896477,0.061285482
553,18.433333,1,4,570,292,-0.121750925,-0.117637932,1.915176783,173.146714,-2.392861,-1.142488,3.020784204,-0.033896477,0.061285482
554,18.466667,1,4,570,292,-0.121750925,-0.117637932,1.915176783,173.146714,-2.392861,-1.142488,3.020784204,-0.033896477,0.061285482
555,18.500000,1,4,570,292,-0.121750925,-0.117637932,1.915176783,173.146714,-2.392861,-1.142488,3.020784204,-0.033896477,0.061285482
556,18.533333,1,4,570,292,-0.121750925,-0.117637932,1.915176783,173.146714,-2.392861,-1.142488,3.020784204,-0.033896477,0.061285482
557,18.566667,1,4,570,292,-0.121750925,-0.117637932,1.915176783,173.146714,-2.392861,-1.142488,3.020784204,-0.033896477,0.061285482
558,18.600000,1,4,570,292,-0.121750925,-0.117637932,1.915176783,173.146714,-2.392861,-1.142488,3.020784204,-0.033896477,0.061285482
559,18.633333,1,4,570,292,-0.121750925,-0.117637932,1.915176783,173.146714,-2.392861,-1.142488,3.020784204,-0.033896477,0.061285482
560,18.666667,1,4,570,292,-0.121750925,-0.117637932,1.915176783,173.146714,-2.392861,-1.142488,3.020784204,-0.033896477,0.061285482
561,18.700000,1,4,570,292,-0.121750925,-0.117637932,1.915176783,173.146714,-2.392861,-1.142488,3.020784204,-0.033896477,0.061285482
562,18.733333,1,4,570,292,-0.121750925,-0.117637932,1.915176783,173.146714,-2.392861,-1.142488,3.020784204,-0.033896477,0.061285482
563,18.766667,1,4,570,292,-0.121750925,-0.117637932,1.915176783,173.146714,-2.392861,-1.142488,3.020784204,-0.033896477,0.061285482
564,18.800000,1,4,570,292,-0.121750925,-0.117637932,1.915176783,173.146714,-2.392861,-1.142488,3.020784204,-0.033896477,0.061285482
565,18.833333,1,4,570,292,-0.121750925,-0.117637932,1.915176783,173.146714,-2.392861,-1.142488,3.020784204,-0.033896477,0.061285482
566,18.866667,1,4,570,292,-0.121750925,-0.117637932,1.915176783,173.146714,-2.392861,-1.142488,3.020784204,-0.033896477,0.061285482
567,18.900000,1,4,570,292,-0.121750925,-0.117637932,1.915176783,173.146714,-2.392861,-1.142488,3.020784204,-0.033896477,0.061285482
568,18.933333,1,4,570,292,-0.121750925,-0.117637932,1.915176783,173.146714,-2.392861,-1.142488,3.020784204,-0.033896477,0.061285482
569,18.966667,1,4,570,292,-0.121750925,-0.117637932,1.915176783,173.146714,-2.392861,-1.142488,3.020784204,-0.033896477,0.061285482
570,19.000000,1,4,570,292,-0.121750925,-0.117637932,1.915176783,173.146714,-2.392861,-1.142488,3.020784204,-0.033896477,0.061285482
571,19.033333,1,4,570,292,-0.121750925,-0.117637932,1.915176783,173.146714,-2.392861,-1.142488,3.020784204,-0.033896477,0.061285482
572,19.066667,1,4,570,292,-0.121750925,-0.117637932,1.915176783,173.146714,-2.392861,-1.142488,3.020784204,-0.033896477,0.061285482
573,19.100000,1,4,570,292,-0.121750925,-0.117637932,1.915176783,173.146714,-2.392861,-1.142488,3.020784204,-0.033896477,0.061285482
574,19.133333,1,4,570,292,-0.121750925,-0.117637932,1.915176783,173.146714,-2.392861,-1.142488,3.020784204,-0.033896477,0.061285482
575,19.166667,1,4,570,292,-0.121750925,-0.117637932,1.915176783,173.146714,-2.392861,-1.142488,3.020784204,-0.033896477,0.061285482
576,19.200000,1,4,570,292,-0.121750925,-0.117637932,1.915176783,173.146714,-2.392861,-1.142488,3.020784204,-0.033896477,0.061285482
577,19.233333,1,4,570,292,-0.121750925,-0.117637932,1.915176783,173.146714,-2.392861,-1.142488,3.020784204,-0.033896477,0.061285482
578,19.266667,1,4,570,292,-0.121750925,-0.117637932,1.915176783,173.146714,-2.392861,-1.142488,3.020784204,-0.033896477,0.061285482
579,19.300000,1,4,570,292,-0.121750925,-0.117637932,1.915176783,173.146714,-2.392861,-1.142488,3.020784204,-0.033896477,0.061285482
580,19.333333,1,4,570,292,-0.121750925,-0.117637932,1.915176783,173.146714,-2.392861,-1.142488,3.020784204,-0.033896477,0.061285482
581,19.366667,1,4,570,292,-0.121750925,-0.117637932,1.915176783,173.146714,-2.392861,-1.142488,3.020784204,-0.033896477,0.061285482
582,19.400000,1,4,570,292,-0.121750925,-0.117637932,1.915176783,173.146714,-2.392861,-1.142488,3.020784204,-0.033896477,0.061285482
583,19.433333,1,4,570,292,-0.121750925,-0.117637932,1.915176783,173.146714,-2.392861,-1.142488,3.020784204,-0.033896477,0.061285482
584,19.466667,1,4,570,292,-0.121750925,-0.117637932,1.915176783,173.146714,-2.392861,-1.142488,3.020784204,-0.033896477,0.061285482
585,19.500000,1,4,570,292,-0.121750925,-0.117637932,1.915176783,173.146714,-2.392861,-1.142488,3.020784204,-0.033896477,0.061285482
586,19.533333,1,4,570,292,-0.121750925,-0.117637932,1.915176783,173.146714,-2.392861,-1.142488,3.020784204,-0.033896477,0.061285482
587,19.566667,1,4,570,292,-0.121750925,-0.117637932,1.915176783,173.146714,-2.392861,-1.142488,3.020784204,-0.033896477,0.061285482
588,19.600000,1,4,570,292,-0.121750925,-0.117637932,1.915176783,173.146714,-2.392861,-1.142488,3.020784204,-0.033896477,0.061285482
589,19.633333,1,4,570,292,-0.121750925,-0.117637932,1.915176783,173.146714,-2.392861,-1.142488,3.020784204,-0.033896477,0.061285482
590,19.666667,1,4,570,292,-0.121750925,-0.117637932,1.915176783,173.146714,-2.392861,-1.142488,3.020784204,-0.033896477,0.061285482
591,19.700000,1,4,570,292,-0.121750925,-0.117637932,1.915176783,173.146714,-2.392861,-1.142488,3.020784204,-0.033896477,0.061285482
592,19.733333,1,4,570,292,-0.121750925,-0.117637932,1.915176783,173.146714,-2.392861,-1.142488,3.020784204,-0.033896477,0.061285482
593,19.766667,1,4,570,292,-0.121750925,-0.117637932,1.915176783,173.146714,-2.392861,-1.142488,3.020784204,-0.033896477,0.061285482
594,19.800000,1,4,570,292,-0.121750925,-0.117637932,1.915176783,173.146714,-2.392861,-1.142488,3.020784204,-0.033896477,0.061285482
595,19.833333,1,4,570,292,-0.121750925,-0.117637932,1.915176783,173.146714,-2.392861,-1.142488,3.020784204,-0.033896477,0.061285482
596,19.866667,1,4,570,292,-0.121750925,-0.117637932,1.915176783,173.146714,-2.392861,-1.142488,3.020784204,-0.033896477,0.061285482
597,19.900000,1,4,570,292,-0.121750925,-0.117637932,1.915176783,173.146714,-2.392861,-1.142488,3.020784204,-0.033896477,0.061285482
598,19.933333,1,4,570,292,-0.121750925,-0.117637932,1.915176783,173.146714,-2.392861,-1.142488,3.020784204,-0.033896477,0.061285482
599,19.966667,1,4,570,292,-0.121750925,-0.117637932,1.915176783,173.146714,-2.392861,-1.142488,3.020784204,-0.033896477,0.061285482
600,20.000000,1,4,570,292,-0.121750925,-0.117637932,1.915176783,173.146714,-2.392861,-1.142488,3.020784204,-0.033896477,0.061285482
601,20.033333,1,4,570,292,-0.121750925,-0.117637932,1.915176783,173.146714,-2.392861,-1.142488,3.020784204,-0.033896477,0.061285482
602,20.066667,1,4,570,292,-0.121750925,-0.117637932,1.915176783,173.146714,-2.392861,-1.142488,3.020784204,-0.033896477,0.061285482
603,20.100000,1,4,600,185,-0.145781677,-0.646687381,4.090116690,174.017726,3.511010,-0.541367,-3.244099615,0.010130808,0.100228287
604,20.133333,0,,,,,,,,,,,,
605,20.166667,0,,,,,,,,,,,,
606,20.200000,0,,,,,,,,,,,,
607,20.233333,0,,,,,,,,,,,,
608,20.266667,0,,,,,,,,,,,,
609,20.300000,0,,,,,,,,,,,,
610,20.333333,0,,,,,,,,,,,,
611,20.366667,0,,,,,,,,,,,,
612,20.400000,0,,,,,,,,,,,,
613,20.433333,0,,,,,,,,,,,,
614,20.466667,0,,,,,,,,,,,,
615,20.500000,0,,,,,,,,,,,,
616,20.533333,0,,,,,,,,,,,,
617,20.566667,0,,,,,,,,,,,,
618,20.600000,0,,,,,,,,,,,,
619,20.633333,0,,,,,,,,,,,,
620,20.666667,0,,,,,,,,,,,,
621,20.700000,0,,,,,,,,,,,,
622,20.733333,0,,,,,,,,,,,,
623,20.766667,0,,,,,,,,,,,,
624,20.800000,0,,,,,,,,,,,,
625,20.833333,0,,,,,,,,,,,,
626,20.866667,0,,,,,,,,,,,,
627,20.900000,0,,,,,,,,,,,,
628,20.933333,0,,,,,,,,,,,,
629,20.966667,0,,,,,,,,,,,,
630,21.000000,0,,,,,,,,,,,,
631,21.033333,0,,,,,,,,,,,,
632,21.066667,0,,,,,,,,,,,,
633,21.100000,0,,,,,,,,,,,,
634,21.133333,0,,,,,,,,,,,,
635,21.166667,0,,,,,,,,,,,,
636,21.200000,0,,,,,,,,,,,,
637,21.233333,0,,,,,,,,,,,,
638,21.266667,0,,,,,,,,,,,,
639,21.300000,0,,,,,,,,,,,,
640,21.333333,0,,,,,,,,,,,,
641,21.366667,0,,,,,,,,,,,,
642,21.400000,0,,,,,,,,,,,,
643,21.433333,0,,,,,,,,,,,,
644,21.466667,0,,,,,,,,,,,,
645,21.500000,0,,,,,,,,,,,,
646,21.533333,0,,,,,,,,,,,,
647,21.566667,0,,,,,,,,,,,,
648,21.600000,0,,,,,,,,,,,,
649,21.633333,0,,,,,,,,,,,,
650,21.666667,0,,,,,,,,,,,,
651,21.700000,0,,,,,,,,,,,,
652,21.733333,0,,,,,,,,,,,,
653,21.766667,0,,,,,,,,,,,,
654,21.800000,0,,,,,,,,,,,,
655,21.833333,0,,,,,,,,,,,,
656,21.866667,0,,,,,,,,,,,,
657,21.900000,0,,,,,,,,,,,,
658,21.933333,0,,,,,,,,,,,,
659,21.966667,0,,,,,,,,,,,,
660,22.000000,0,,,,,,,,,,,,
661,22.033333,0,,,,,,,,,,,,
